review,one_month,repeat_purchase
"마트에서 먹어보고 나쁘지 않이서 대량구매했습니댜..! 유지어터지만 과자를 못끊겠어서ㅜㅜ 대신 먹는 랩노쉬,,ㅎㅎ 단백질이 9g이나 있으니까!! 살짝 씁쓸한맛이 나기는하지만 오히려 너무 달지 않아서 부담없이 먹을수있어여>.< 유통기한은 4개월정도 남았네용~ 다먹고 다른맛 도 먹어봐야겠어용",-,-
단백질 특유의 비린맛은 없는데 뭔가 끝맛이 좀 씁쓸하거든요?? 근데 이게 오히려 더 입터짐 방지해주는 것 같아서 좋아요 생각보다 당이있어서 그나마 적은 걸로 사긴했는데 그래도 자제하면서 먹으려구요,-,-
"단백질쿠키 먹고싶어서 주문했어요. 쫀득하고 포근 한 맛을 상상했는데 딱 제 스타일이었어요!
재 주문 각이에요.
헬창인 저희 친언니가 여끼거 맛있다고 잘 샀네 하고 칭찬하네요. 빨리 먹고 다른 맛으로도 주문하고싶어서 언니랑 나눠먹네요ㅎㅎ굳 칼로리도 많이 신경쓰는 편인데 이 정도면 쿠키계 저칼로리라 할 수 있죠",-,-
재구매다이어트 하면서 그 어떤 단백질 과자를 먹어도 이런 맛은 없었어요 .. 진심 속세의 맛..! 단백질 특유의 씁쓸한 맛도 없고 그냥 맛있어요👍🏻 이걸 만들어주신 랩노쉬..감사해요 번창하세요오,-,-
촉촉한초코칩이랑 비슷한 식감이고 그것보단 덜 달아요 맛있는데 당류가 13퍼나 되네영... 다이어트 간식으로 샀는데 충격이에요,-,-
골고루 먹어보고 싶어서 혼합팩으로 주문했어요 일단 초코부터 먹어봤는데 넘 맛있네요:) 취향 맞는걸로 더 시켜먹어야겠어요ㅎㅎ,-,-
한달사용기맛있게 잘 먹었습니다.,-,-
유통기한 1달 남았네요.. 저뿐만 아니라 리뷰 보니까 이걸로 불편해하시는분들 더 계시던데 개선은 안되나보네요. 그리고 이틀전에 올영에서 사먹은 피넛버터맛보다 왜이리 작아보이는지.. 크기가 많이 아쉽습니다.,-,-
아직 안먹어봤는데 주변에서 맛있다고 추천 받아서 샀어요. 기대 됩니다,-,-
"맛있어요! 입터짐방지로 샀는데 3봉지 뜯어먹음..ㅠㅠ초코, 피넛버터 이렇게 먹어봤는데 제 취향은 피넛이에요!
맛은 마ㄱ  ㅏ렛ㅌ 맛?!!!과 비슷하고 냉장고에 넣고 먹으니 바삭하니 더 맛있는듯!!",-,-
"프로틴 간식 중에 제일 가성비 좋고 맛있어요!!
작년에도 먹은 제품인데 롱런하는 이유가 있습니다~ ㅎㅎ",-,-
3월 2일에 상품 받았는데 유통기한이 4월 23일 까지라 .. 두달안에 다 먹어야 하는건가 하고 기분이 안 좋았는데 너무 맛있어서 한달안에 다 먹을 거 같아요 ㅋㅋㅋ 맛있어요 !!!!! 피넛은 유통기한 넉넉했어요 ㅎㅅㅎ,-,-
올리브영에서 매번 낱개로 사먹다가 이럴바엔 박스로 구매하자 해서 샀어요 배송 안전하고 빠르게 왔습니다 유통기한도 나름 넉넉한 편 같아요,-,-
병원에서 피넛버터 맛을 주셔서 우연찮게 먹게 되었는데 제가 좋아하는 마가렛트맛….  너무 맛있어서 종류별로 사봤어요. 더블초코맛 먼저 먹었는데 이것도 맛있네요. 포만감도 있고 맛있어요,-,-
한달사용기맛은 진짜 촉촉한초** 그 자체에요 너무 맛있어서 계속먹게되네요 다른맛도 먹어봐야겠어요 :),-,-
"한달사용기처음 배송받은 사진을 못 찍었네요ㅜㅜ
맛을 몰라서 일단 여러가지 맛 있는걸로 시켰고 솔직히  맛있어서 놀랐어요
보통 단백질쿠키하면 얇고 퍽퍽한거를 생각했는데
이 쿠키는 촉촉하고 식감도 있어서 맛있게 먹었어요
개인적으로 저는 녹차맛이 제일 맛있네요
다음에 또 구매하겠습니당
더보기",-,-
한달사용기식사 후 중간에 배가 고플 때 간식으로 하나씩 먹기 좋은 것 같아요. 맛도 괜찮아요.,-,-
한달사용기맛있어요~~ 피넛버터 코코넛 초코맛 이렇게 세가지맛이 입에 맞아서 돌아가며 시켜 먹으려구요 단백질이 더 높으면 좋겠지만 그래도 간식으로 만족하며 먹어요,-,-
한달사용기재구매요거 하나 먹으면 든든하고 달달해서 좋아요,-,-
빠른배송감사합니다. 잘 받았습니다.,-,-
한달사용기재구매한건데 좋네요 식욕 넘치는날 간식이나 아침대용으로 딱이에요,-,-
"단백질 쿠키하면 맛은 포기하고 단백질량만 만족인데 이 쿠키는 맛있네요  조금 달기도 
커피한잔에 한봉지...",-,-
"재구매출출할때마다 먹기 좋아요.
5가지 맛 모두 맛있구요, 질리지 않는거 같아요. 배송도 안전하게 잘왔습니다~",-,-
한달사용기굳 지금 벌써 3번째 재구매입니다 쟁여놓고 입 심심하면 먹어요,-,-
한달사용기건강한 맛이긴한데 생각보다 맛있어요,-,-
다이어터에게 양심의 가책 없이 당충전을 위한 최고의 프로틴 쿠키 !,-,-
"한달사용기떨어질때면 또 구매하고 있습니다. 오늘도 새제품 배송받았네요~.
영양성분도 좋고 단백질을 간단히 챙길수 있어서 좋아요.",-,-
달달한 쿠키 대신 먹으려고샀어요 밀가루대신,-,-
한달사용기맛있게 잘먹고있어요 생각보다 금방먹네요!,-,-
재구매랩노쉬 쿠키 중에서는 이게 제일 맛있는거 같아요,-,-
한달사용기먹을때 포만감 느껴지고 맛있어요,-,-
"재구매 템 짜쯩남 
맛있음 😋",-,-
한달사용기다이어트 필요성을 느끼지만 터지는 입 감당이 안 되어 샀어요. 꾸떡한 맛에 금방 한봉지 클리어 합니다. 맛있어요,-,-
다이어트하는데 즐겁게 할수있을거같아요~~,-,-
"개발자님 우주 대천재ㅠㅠ

다이어트때 이거 없으면 과자,빵 못 끊었어요.
무가당 두유랑 아몬드브리즈 언스윗이랑 먹으면 더 맛있어요. 엄청 두툼해서 배도 부르고 완벽해요. 흑흑.. 사랑해요.

*더블초코가 최고였는데, 티라미수가 더 속세의 맛이 나더라구요? 티라미수 맛이 은은하고 화이트초코칩의 초콜릿맛이 미쳤어요..

유명한 다이어트 한약집에서도 이거줘요ㅎㅎ
저는 먹자마자 알았어요. 얘라는 걸
더보기",-,-
마가렛트 비슷한 맛이에요 식감은 좀 뻑뻑한 편이고 맛은 괜찮아요,-,-
촉촉하고 맛있어요.,-,-
식사대용으로 좋아요! 묵직하고 초콜릿 칩이 있어서 포만감이 상당합니다.,-,-
감사합니다 맛있습니다,-,-
한달사용기재구매간식이나 한끼대용으로 먹기에 너무 좋아요,-,-
한달사용기간식이나 한끼대용으로 먹기에 너무 좋아요,-,-
한달사용기간식이나 한끼대용으로 먹기에 너무 좋아요,-,-
종류별로 다 맛있네요 재구매할듯합니다^^,-,-
재구매맛나서 추가주문임다. 굿,-,-
저희딸 다이어트하느라 별걸다사네요,-,-
한달사용기혼합으로 먹어서 어떤게 맛있는지 알수있어서 좋았어요!,-,-
우선 저는 더블초코와 화이트초코가 좋은데 역시 두개 다 먹어본 결과 화이트가 최고입니다. 이번에 브랜드위크해서 할인하던데 또 재구매해야죠.,-,-
한달사용기제가 좋아하는 맛으로 구매할 수 있어서 너무 좋네요 너무 너무 맛있어서 정기적으로 구매 할 것 같아요^^,-,-
감사합니다 맛있네요.,-,-
"친구가 추천해준 단백질 쿠키! 사먹는 건 처음인데, 생각보다 맛있고 배송도 빨라서 좋았어요!!",-,-
재구매해요 배송도 완전 빠르고 엳시나 맛남,-,-
한달사용기재구매템이에요!!간식으로 포만감도 잇고 좋아요!,-,-
"쿠키 중독 ㅠㅠ
넘 맛나요 랩노쉬 짱",-,-
한달사용기재구매하루에 한개씩먹음..ㅋㅋ 넘맛남,-,-
한달사용기맛있어요!! 든든해요!!,-,-
단백질쿠키 중에 이정도로 맛있는 건 없는 거 같습니다 그치만 당류가 너무 높고 일반과제에 비하면 좀 아쉬워서 대체가 안 되는 것 것 같습니다 제 기준에서는요,-,-
감사합니다 맛있네료!,-,-
"한달사용기맛잇어여
담에도 재구매",-,-
한달사용기친구 선물로 줬는데 너무 맛있어서 또 주문했다고 하네요ㅎㅎ,-,-
너무 맛있어요!!!,-,-
"한달사용기다이어트간식으로 먹고 잇는데 
입터짐도 방지하고 맛잇어요",-,-
이게 젤 맛있는 거 같아요!!,-,-
한달사용기재구매없으면 불안. 1일1초코칩,-,-
맛있고 포만감이 좋네요.,-,-
감사합니더 맛있슴다,-,-
한달사용기포장지와 같은 비주얼은 아니지만 단백질 쿠키 치고 굉장히 맛있고 할인할 때 쟁여놔서 가성비 갑이었어용 제 최애는 피넛버터에요 젤 달달함~,-,-
유통기한이올해7월이네요.맛은아직잘모르겠어요.아직먹기전입니다.,-,-
"유통기한이 한달 남은거라 좀 아쉽네요...
유통기한을 알수있게 공지해주시면 좋을것 같아요.
소비자가 알 권리가 있으니깐요",-,-
한달사용기단백질 함량 높은 간식으로 잘먹었어요,-,-
"한달사용기다이어트 할 때 간식으로 최고에용
속세의 맛 !!",-,-
"궁금해서 사봤는데 오~진짜 맛있어요!!!
배송오자마자 바로 먹어보고 맛있어서 놀람😃
단백질 쿠키라 일반 쿠키랑 미묘하게 맛이 다를줄 알았는데 별차이 없어요!!  완전 만족합니다!!",-,-
재구매다이어트할때 쿠키먹고싶을때 이 단백질쿠키로 먹습니당! 단백질맛이 많이 안나고 정말 맛있어요!!!,-,-
맛있고 성분 좋아서 맘놓고 먹을수있었어요 여행중 단백질섭취잘했어요^^,-,-
랩노쉬 맛있어요 ㅋ조금 가격만 저렴하다면 많이 사먹고 싶지망 아껴서 먹어야하는 단점이 있지만 너무 좋아요,-,-
입 터졌을때 먹기 좋아요😄 식감.맛 둘다 좋아서 자주 먹어요,-,-
입 터졌을때 먹기 좋아요😄 식감.맛 둘다 좋아서 자주 먹어요,-,-
"맛있어서 아침 대용으로 꾸준히 먹고있습니다. 리치코코넛, 더블초코, 화이트초코오렌지 맛이 제일 맛있어요!",-,-
"맛있어서 아침 대용으로 꾸준히 먹고있습니다. 리치코코넛, 더블초코, 화이트초코오렌지 맛이 제일 맛있어요!",-,-
"맛있어서 아침 대용으로 꾸준히 먹고있습니다. 리치코코넛, 더블초코, 화이트초코오렌지 맛이 제일 맛있어요!",-,-
한달사용기재구매초코쿠키가 역시 짱이예요,-,-
한달사용기맛있어요. 후기에 다소 프로틴맛이 느껴진다는 분도 있던데 저는 그냥 맛있더라구요. 다만 당이랑 지방함유가 높아서 가끔 먹어야할 것 같아요.,-,-
같은 맛이 2가지씩 있어서 나눠서 잘 먹었어요~ 맛있네요^^,-,-
"한달사용기다 먹어서 사진이 없는데, 작은 사이즈도 있음 좋았겠다~ 싶어요 다이어트 하면서 위가 줄어들어서,, 양이 좀 많거든요 그런데 이런 생각이 든다는건 맛있단ㄴ 거겟죠,, 존ㄴ맛탱입니다 주황색 봉지 먹엇어요!",-,-
"아이가 맛있다고 해서 구매했어요.
촉촉하고 덜 달아서 좋아요.",-,-
"배송 빠르고 늘 먹던 것처럼 맛있어요~
유통기한은 구매일자 기준 3개월 정도 남은(24년 5월) 제품으로 왔어요",-,-
"너무 맛있어요~ 
성분도 좋고 식단하면서 운동하고 나서 먹기 좋아요~~",-,-
재구매벌써 세번째 주문!  단백질 챙겨먹을수있어 좋어요,-,-
"아잉~~  더살걸 그랬어요 
매일 아침 두유와 한개씩. 냠냠",-,-
"가격 굿 맛도 좋아요 배송도 빨라요
담에도 구매 할 생각입니당",-,-
"속세까까에서 갈아타고 있습니다.
부스러지는 가루는 느껴지지만 맛이가 있습니다 ㅎ",-,-
화이트초코맛도 맛있네용 ! 다음에도 또 구매하러 올게요 ㅎ 여기가 제일 싸요 ! ㅎㅎ,-,-
한달사용기재구매맛있게 잘먹었어요!,-,-
건강한 맛이예요. ㅋ,-,-
"재구매아이들이 잘 먹어서  이틀연속 주문했어요.
쿠키는 이것만  먹을것 같아요.",-,-
굿 좋아욤 잘 샀어요,-,-
랩노쉬 쿠키 좋아하는데 못 먹어본 맛이라서 주문해봤어요,-,-
책장에 넣어두고 하나씩 꺼내먹는데 맛잇어요 !! 다이어트에 도움은 안되겠지만 ㆅ? 5월까지 유통기한으로 넉넉하진 않네용,-,-
처음구매해봤습니다. 생각보다 맛있어요.,-,-
한달사용기싸고 맛있어요  좀 달아서 다욧할때 걱정...,-,-
당이 엄청 많아서 다이어트는 ?? 지만 맛있음,-,-
